Keyword,Status,URL,Date,publish_at,published_at
home organization,published,https://home-organization-ideas.com/posts/effortless-home-organization-tips-for-small-spaces/,2026-09-20,,
home organization ideas,published,https://home-organization-ideas.com/posts/30-practical-home-organization-ideas-for/,2026-09-21,,
small space organization,published,https://home-organization-ideas.com/posts/small-space-organization-transforming-a-3ft-wide-hallway-int/,2026-09-21,,
small apartment organization,published,https://home-organization-ideas.com/posts/small-apartment-organization-maximizing-storage-in-a-350sqft/,,,
kitchen organization,published,,,,
bedroom organization,published,,,,
closet organization,published,,,,
bathroom organization,published,,,,
decluttering,published,https://home-organization-ideas.com/posts/decluttering-5x5-home-office-corner-remote-workers/,,,
storage ideas,published,,,,
small kitchen organization ideas,published,,,,
small bedroom storage ideas,published,https://home-organization-ideas.com/posts/small-bedroom-storage-ideas-diy-pull-out/,,,
small bathroom organization ideas,published,https://home-organization-ideas.com/posts/small-bathroom-organization-ideas-practical-space/,,,
small apartment storage ideas,published,https://home-organization-ideas.com/posts/small-apartment-storage-ideas-practical-space/,,,
small closet organization ideas,published,https://home-organization-ideas.com/posts/small-closet-organization-ideas-practical-space/,,,
kitchen organization ideas for small spaces,published,,,,
small bedroom organization ideas,published,https://home-organization-ideas.com/posts/small-bedroom-organization-ideas-practical-space/,,,
under sink organization ideas,published,https://home-organization-ideas.com/posts/under-sink-organization-ideas-simple-system/,2026-09-24,,
decluttering ideas for small homes,published,https://home-organization-ideas.com/posts/decluttering-ideas-for-small-homes-that-actually-last/,2026-09-26,,
storage ideas for small apartments,pending,,,2026-09-26T14:50:00Z,
entryway organization ideas for small spaces,published,https://home-organization-ideas.com/posts/narrow-entryway-organization-drop-zone/,2026-09-23,,
tiny entryway shoe storage ideas for renters,pending,,,2026-09-28T05:00:00Z,
small pantry organization ideas without remodeling,pending,,,2026-09-28T17:00:00Z,
